City,Brand
Mumbai,A
Chennai,C
Mumbai,A
Mumbai,C
Chennai,C
Mumbai,C
Mumbai,C
Chennai,B
Mumbai,A
Chennai,A
Chennai,C
Mumbai,A
Mumbai,C
Chennai,A
Chennai,C
Chennai,C
Mumbai,C
Chennai,B
Mumbai,A
Chennai,A
Mumbai,C
Chennai,A
Mumbai,B
Mumbai,A
Chennai,C
Chennai,A
Chennai,B
Chennai,A
Mumbai,A
Mumbai,A
Chennai,C
Mumbai,A
Chennai,C
Mumbai,A
Mumbai,A
Mumbai,C
Mumbai,A
Chennai,C
Mumbai,C
Mumbai,A
Chennai,A
Chennai,C
Mumbai,B
Mumbai,B
Chennai,A
Chennai,A
Mumbai,A
Mumbai,A
Chennai,C
Chennai,A
Mumbai,C
Mumbai,A
Chennai,A
Mumbai,A
Mumbai,A
Chennai,A
Mumbai,C
Chennai,A
Chennai,A
Mumbai,C
Chennai,C
Chennai,C
Chennai,A
Mumbai,A
Mumbai,A
Chennai,A
Mumbai,A
Chennai,C
Chennai,C
Mumbai,A
Mumbai,A
Mumbai,B
Mumbai,A
Mumbai,A
Mumbai,A
Chennai,B
Chennai,C
Mumbai,A
Chennai,A
Mumbai,A
Mumbai,C
Chennai,A
Mumbai,A
Chennai,B
Mumbai,A
Mumbai,C
Mumbai,C
Mumbai,A
Mumbai,A
Mumbai,C
Mumbai,C
Chennai,C
Mumbai,A
Mumbai,C
Chennai,A
Mumbai,A
Mumbai,A
Chennai,A
Mumbai,C
Mumbai,B
Mumbai,B
Mumbai,A
Mumbai,C
Chennai,A
Mumbai,A
Mumbai,C
Mumbai,C
Mumbai,C
Mumbai,C
Chennai,C
Chennai,C
Mumbai,B
Mumbai,C
Mumbai,A
Chennai,C
Chennai,C
Mumbai,C
Mumbai,A
Chennai,B
Mumbai,A
Mumbai,C
Mumbai,A
Mumbai,B
Mumbai,A
Mumbai,B
Mumbai,A
Chennai,A
Mumbai,C
Mumbai,C
Chennai,C
Mumbai,A
Mumbai,A
Mumbai,C
Chennai,C
Chennai,C
Chennai,C
Mumbai,A
Chennai,A
Mumbai,A
Chennai,C
Mumbai,B
Mumbai,A
Mumbai,C
Mumbai,A
Chennai,C
Chennai,A
Chennai,B
Chennai,A
Chennai,C
Mumbai,B
Mumbai,A
Mumbai,A
Mumbai,C
Chennai,C
Chennai,C
Chennai,C
Mumbai,A
Chennai,C
Mumbai,A
Mumbai,B
Mumbai,B
Mumbai,A
Chennai,C
Chennai,A
Mumbai,A
Mumbai,C
Chennai,A
Mumbai,A
Chennai,C
Chennai,C
Chennai,A
Mumbai,C
Mumbai,A
Mumbai,A
Mumbai,A
Mumbai,C
Chennai,C
Chennai,A
Mumbai,A
Chennai,A
Chennai,C
Mumbai,C
Chennai,C
Chennai,A
Mumbai,A
Chennai,C
Mumbai,C
Mumbai,C
Chennai,A
Mumbai,C
Mumbai,C
Mumbai,A
Chennai,A
Mumbai,A
Mumbai,A
Chennai,B
Mumbai,A
Mumbai,B
Chennai,A
Mumbai,C
Chennai,B
Mumbai,A
Chennai,C
Chennai,C
Mumbai,A
Mumbai,C
Mumbai,A
Chennai,C
Mumbai,A
Mumbai,C
Chennai,A
Mumbai,A
Mumbai,A
Chennai,C
Chennai,C
Mumbai,B
Chennai,C
Mumbai,C
Mumbai,C
Chennai,B
Chennai,C
Mumbai,C
Chennai,C
Mumbai,C
Mumbai,A
Mumbai,A
Chennai,C
Chennai,A
Chennai,B
Chennai,C
Chennai,A
Mumbai,C
Mumbai,C
Mumbai,A
Chennai,A
Mumbai,A
Mumbai,A
Mumbai,A
Chennai,A
Chennai,C
Chennai,C
Mumbai,C
Chennai,A
Mumbai,C
Chennai,C
Mumbai,A
Mumbai,A
Chennai,A
Mumbai,C
Mumbai,B
Chennai,C
Mumbai,A
Mumbai,B
Chennai,A
Mumbai,A
Chennai,A
Mumbai,A
Mumbai,B
Chennai,A
Mumbai,B
Chennai,A
Mumbai,A
Mumbai,A
Mumbai,A
Mumbai,A
Chennai,A
Mumbai,C
Mumbai,A
Chennai,C
Mumbai,A
Mumbai,C
Mumbai,A
Mumbai,C
Mumbai,C
Mumbai,C
Chennai,A
Chennai,C
Chennai,B
Mumbai,A
Chennai,A
Mumbai,C
Mumbai,B
Chennai,C
Mumbai,A
Mumbai,C
Chennai,A
Chennai,C
Mumbai,B
Chennai,C
Mumbai,C
Chennai,A
Mumbai,C
Mumbai,A
Mumbai,A
Chennai,C
Chennai,A
Chennai,C
Chennai,B
Chennai,C
Mumbai,A
Chennai,C
Mumbai,B
Chennai,A
Chennai,C
Mumbai,A
Mumbai,A
Mumbai,A
Chennai,A
Mumbai,A
Mumbai,A
Mumbai,A
Chennai,B
Mumbai,A
Chennai,B
Chennai,C
Chennai,B
Mumbai,C
Mumbai,C
Chennai,A
Chennai,A
Mumbai,A
Chennai,C
Chennai,A
Mumbai,A
Chennai,C
Mumbai,C
Chennai,C
Mumbai,A
Chennai,C
Mumbai,A
Mumbai,A
Mumbai,A
Mumbai,A
Mumbai,A
Mumbai,A
Mumbai,C
Chennai,B
Mumbai,B
Chennai,A
Chennai,B
Mumbai,A
Mumbai,C
Chennai,A
Mumbai,C
Mumbai,C
Chennai,A
Chennai,A
Mumbai,A
Mumbai,A
Mumbai,A
Chennai,C
Chennai,C
Mumbai,A
Chennai,A
Chennai,C
Mumbai,A
Mumbai,C
Chennai,C
Mumbai,C
Chennai,C
Mumbai,A
Chennai,B
Chennai,C
Mumbai,A
Chennai,B
Chennai,B
Chennai,C
Mumbai,A
Mumbai,A
Chennai,A
Chennai,C
Chennai,C
Chennai,B
Mumbai,C
Mumbai,C
Mumbai,C
Mumbai,B
Chennai,A
Chennai,B
Mumbai,B
Mumbai,A
Mumbai,B
Mumbai,C
Mumbai,C
Chennai,C
Chennai,C
Mumbai,C
Mumbai,C
Mumbai,B
Mumbai,A
Mumbai,B
Chennai,A
Mumbai,A
Mumbai,A
Chennai,C
Mumbai,C
Chennai,B
Chennai,A
Chennai,C
Mumbai,A
Chennai,C
Mumbai,B
Chennai,A
Mumbai,A
Mumbai,B
Mumbai,A
Mumbai,A
Mumbai,A
Chennai,A
Mumbai,C
Mumbai,C
Mumbai,C
Chennai,B
Chennai,C
Mumbai,C
Chennai,C
Mumbai,C
Mumbai,B
Mumbai,B
Mumbai,C
Mumbai,A
Mumbai,C
Mumbai,A
Mumbai,A
Mumbai,C
Mumbai,C
Chennai,A
Mumbai,B
Mumbai,C
Mumbai,C
Mumbai,A
Chennai,C
Mumbai,C
Mumbai,C
Chennai,B
Mumbai,C
Chennai,A
Mumbai,B
Mumbai,A
Chennai,A
Chennai,C
Chennai,A
Mumbai,B
Mumbai,A
Chennai,A
Mumbai,C
Chennai,A
Chennai,C
Chennai,C
Mumbai,A
Mumbai,C
Chennai,C
Mumbai,A
Mumbai,C
Mumbai,C
Chennai,A
Chennai,B
Mumbai,A
Mumbai,C
Mumbai,C
Mumbai,A
Mumbai,C
Mumbai,C
Mumbai,B
Chennai,A
Mumbai,A
Mumbai,C
Chennai,C
Chennai,A
Mumbai,A
Mumbai,C
Mumbai,A
Mumbai,A
Mumbai,C
Chennai,A
Mumbai,C
Mumbai,C
Mumbai,B
Mumbai,A
Mumbai,A
Mumbai,A
Mumbai,A
Chennai,A
Chennai,C
Mumbai,C
Chennai,C
Mumbai,B
Mumbai,B
Chennai,C
Mumbai,A
Mumbai,C
Chennai,A
Mumbai,C
Mumbai,A
Chennai,B
Mumbai,C
Mumbai,A
Mumbai,B
Chennai,C
Mumbai,A
Mumbai,C
Chennai,C
Chennai,A
Mumbai,A
Mumbai,A
Chennai,C
Mumbai,A
Chennai,A
Mumbai,A
Mumbai,A
Mumbai,C
Mumbai,A
Mumbai,A
Mumbai,A
Mumbai,A
Chennai,A
Mumbai,A
Chennai,A
Mumbai,A
Mumbai,C
Mumbai,B
Mumbai,C
Mumbai,C
Mumbai,A
Mumbai,C
Chennai,A
Mumbai,A
Mumbai,C
Chennai,A
Mumbai,C
Mumbai,C
Mumbai,B
Mumbai,C
Chennai,A
Chennai,A
Mumbai,A
Chennai,C
Chennai,A
Chennai,C
Mumbai,A
Chennai,A
Mumbai,C
Mumbai,B
Mumbai,A
Mumbai,B
Chennai,A
Chennai,C
Mumbai,A
Mumbai,C
Mumbai,C
Mumbai,A
Mumbai,C
Chennai,C
Chennai,A
Mumbai,C
Mumbai,A
Mumbai,B
Chennai,A
Chennai,B
Chennai,A
Mumbai,A
Mumbai,C
Chennai,C
Mumbai,A
Chennai,C
Mumbai,A
Chennai,A
Mumbai,C
Chennai,C
Mumbai,B
Mumbai,A
Chennai,A
Mumbai,C
Mumbai,B
Chennai,A
Chennai,A
Mumbai,A
Chennai,C
Chennai,C
Mumbai,B
Mumbai,C
Mumbai,B
Mumbai,A
Chennai,A
Chennai,C
Mumbai,C
Mumbai,A
Mumbai,A
Chennai,C
Chennai,A
Chennai,A
Chennai,B
Mumbai,B
Mumbai,C
Mumbai,C
Mumbai,C
Mumbai,C
Chennai,A
Mumbai,A
Mumbai,A
Mumbai,C
Mumbai,A
Mumbai,C
Mumbai,C
Chennai,A
Mumbai,A
Chennai,A
Mumbai,A
Mumbai,C
Chennai,C
Chennai,A
Mumbai,A
Chennai,C
Mumbai,C
Mumbai,A
Chennai,A
Chennai,A
Chennai,C
Chennai,B
Mumbai,A
Chennai,A
Mumbai,C
Mumbai,A
Mumbai,C
Chennai,A
Mumbai,C
Chennai,A
Chennai,A
Mumbai,A
Chennai,C
Mumbai,A
Chennai,A
Mumbai,A
Mumbai,C
Mumbai,A
Chennai,C
Mumbai,A
Mumbai,B
Mumbai,C
Chennai,A
Mumbai,C
Mumbai,A
Chennai,C
Chennai,C
Chennai,A
Chennai,C
Chennai,C
Mumbai,A
Chennai,C
Mumbai,A
Chennai,C
Mumbai,C
Mumbai,C
Mumbai,C
Chennai,C
Chennai,A
Chennai,C
Chennai,C
Mumbai,B
Mumbai,A
Mumbai,C
Chennai,C
Mumbai,C
Mumbai,B
Chennai,C
Mumbai,C
Chennai,C
Mumbai,A
Chennai,C
Chennai,A
Chennai,C
Mumbai,B
Mumbai,A
Mumbai,C
Mumbai,B
Mumbai,C
Mumbai,A
Mumbai,C
Mumbai,A
Mumbai,B
Mumbai,C
Mumbai,C
Mumbai,A
Mumbai,A
Chennai,A
Mumbai,A
Chennai,A
Mumbai,A
Chennai,A
Mumbai,A
Mumbai,C
Mumbai,A
Mumbai,C
Mumbai,C
Chennai,A
Chennai,A
Chennai,A
Mumbai,A
Chennai,A
Chennai,B
Mumbai,A
Mumbai,A
Mumbai,A
Chennai,B
Mumbai,A
Chennai,C
Chennai,B
Mumbai,C
Mumbai,C
Mumbai,A
Mumbai,C
Mumbai,B
Chennai,C
Chennai,A
Mumbai,A
Mumbai,C
Chennai,C
Mumbai,C
Mumbai,C
Mumbai,A
Mumbai,C
Mumbai,A
Chennai,C
Mumbai,C
Chennai,A
Mumbai,A
Mumbai,A
Mumbai,C
Chennai,A
Mumbai,A
Chennai,C
Mumbai,B
Chennai,C
Mumbai,C
Chennai,A
Mumbai,C
Chennai,A
Mumbai,C
Chennai,A
Chennai,C
Mumbai,A
Mumbai,C
Chennai,C
Mumbai,C
Mumbai,C
Chennai,C
Chennai,B
Mumbai,A
Mumbai,A
Chennai,A
Mumbai,C
Chennai,C
Chennai,A
Mumbai,A
Mumbai,C
Mumbai,A
Mumbai,A
Chennai,B
Mumbai,A
Chennai,C
Mumbai,A
Chennai,C
Mumbai,A
Mumbai,C
Mumbai,C
Mumbai,A
Chennai,C
Mumbai,A
Chennai,C
Chennai,C
Mumbai,A
Chennai,C
Chennai,C
Mumbai,C
Mumbai,A
Chennai,B
Mumbai,B
Mumbai,A
Mumbai,C
Mumbai,A
Chennai,C
Chennai,C
Chennai,A
Chennai,C
Chennai,A
Chennai,B
Mumbai,C
Mumbai,C
Chennai,A
Mumbai,A
Mumbai,C
Chennai,A
Mumbai,A
Mumbai,C
Chennai,B
Chennai,A
Mumbai,A
Chennai,C
Chennai,A
Chennai,A
Chennai,C
Mumbai,C
Mumbai,C
Mumbai,C
Mumbai,B
Chennai,A
Chennai,A
Chennai,C
Chennai,C
Chennai,A
Mumbai,A
Mumbai,A
Mumbai,A
Mumbai,C
Mumbai,C
Mumbai,A
Chennai,C
Mumbai,C
Chennai,A
Chennai,C
Mumbai,C
Chennai,C
Mumbai,C
Chennai,A
Mumbai,C
Mumbai,A
Mumbai,B
Chennai,C
Mumbai,C
Mumbai,A
Chennai,B
Chennai,C
Mumbai,C
Chennai,A
Chennai,A
Chennai,A
Mumbai,B
Mumbai,A
Mumbai,C
Mumbai,A
Mumbai,C
Mumbai,A
Chennai,A
Mumbai,A
Mumbai,A
Mumbai,A
Chennai,C
Mumbai,A
Mumbai,C
Mumbai,B
Mumbai,A
Chennai,C
Chennai,C
Chennai,A
Chennai,C
Chennai,C
Mumbai,C
Chennai,C
Mumbai,A
Chennai,C
Chennai,A
Mumbai,C
Chennai,C
Chennai,C
Chennai,C
Mumbai,C
Chennai,C
Mumbai,A
Mumbai,C
Chennai,A
Mumbai,B
Mumbai,C
Mumbai,C
Mumbai,A
Mumbai,C
Chennai,B
Chennai,C
Mumbai,C
Mumbai,A
Chennai,A
Mumbai,A
Chennai,A
Chennai,C
Chennai,A
Mumbai,C
Mumbai,C
Chennai,C
Mumbai,C
Mumbai,C
Mumbai,C
Mumbai,A
Chennai,A
Mumbai,A
Mumbai,A
Mumbai,A
Chennai,C
Mumbai,A
Mumbai,A
Mumbai,A
Chennai,C
Mumbai,B
Mumbai,C
Mumbai,A
Mumbai,C
Mumbai,B
Chennai,B
Mumbai,C
Mumbai,B
Mumbai,A
Chennai,A
Mumbai,A
Mumbai,A
Chennai,A
Chennai,A
Mumbai,A
Mumbai,B
Chennai,A
Chennai,C
Mumbai,C
Mumbai,B
Mumbai,A
Mumbai,C
Mumbai,B
Mumbai,B
Mumbai,A
Chennai,A
Mumbai,C
Chennai,C
Mumbai,A
Mumbai,C
Chennai,C
Chennai,A
Chennai,C
Chennai,C
Chennai,A
Chennai,C
Chennai,B
Mumbai,B
Chennai,A
Chennai,C
Mumbai,A
Mumbai,C
Mumbai,C
Mumbai,C
Chennai,C
Chennai,C
Chennai,B
Chennai,C
Mumbai,A
Mumbai,A
Chennai,A
Chennai,A
Mumbai,B
Chennai,C
Mumbai,A
Chennai,C
Chennai,C
Chennai,C
Chennai,C
Mumbai,A
Chennai,A
Chennai,C
Chennai,C
Chennai,A
Mumbai,C
Mumbai,C
Chennai,B
Chennai,C
Chennai,B
Mumbai,C
Mumbai,C
Mumbai,A
Mumbai,C
Chennai,C
Mumbai,A
Mumbai,A
Chennai,C
Mumbai,C
Mumbai,A
Chennai,B
